{"output":[{"debug_timestamp":false,"dst_format":"mpegts","enabled":true,"m3u8_dir":"/tmp/hls/1/","request_url":"","seg_dir":"/tmp/hls/1/","seg_num":3,"seg_prefix":"","seg_time":10,"shift_time":1,"start_on_keyframe":true,"stream_type":"live","sync_time":0}],"input":{"all_audio":false,"audio":[{"bitrate":128,"channels":0,"codec_name":"aac","index":-1,"sample_rate":44100}],"debug_timestamp":false,"is_live":false,"monitor":{"server":"http://192.168.1.107:8802/push"},"no_audio":false,"program_id":0,"src_url":["udp://127.0.0.1:12001"],"time_out":0},"tag":"2","channel_id":"1"}