{"output":[{"codec":{"target_usage":4,"gop_size":60,"constant_framerate":false,"framerate":0.0,"profile":"high","bitrate":3500,"pipeline_async_depth":4,"resolution":{"height":1080,"width":1920},"codec_name":"avc","num_ref_frame":0,"la_depth":10,"b_frame_gap":3,"ratecontrol_method":"vbr"},"dst_url":"udp://127.0.0.1:12001"}],"input":{"all_audio":false,"audio":[{"bitrate":128,"channels":0,"codec_name":"copy","index":-1,"sample_rate":44100}],"is_live":false,"monitor":{"server":"http://192.168.1.107:8802/push"},"no_audio":false,"no_subtitle":false,"program_id":0,"small_audio":false,"src_url":"udp://127.0.0.1:11001","time_out":0,"video":{"interlace":false}},"cpu_transcode":false,"tag":"1","channel_id":"1"}