{
	"info": {
		"_postman_id": "15f0d335-04d8-43f1-860f-0487adc562b7",
		"name": "Token",
		"schema": "https://schema.getpostman.com/json/collection/v2.1.0/collection.json"
	},
	"item": [
		{
			"name": "token",
			"request": {
				"method": "POST",
				"header": [],
				"url": {
					"raw": "https://openapi.baidu.com/oauth/2.0/token?client_id=kVcnfD9iW2XVZSMaLMrtLYIz&client_secret=O9o1O213UgG5LFn0bDGNtoRN3VWl2du6&grant_type=client_credentials",
					"protocol": "https",
					"host": [
						"openapi",
						"baidu",
						"com"
					],
					"path": [
						"oauth",
						"2.0",
						"token"
					],
					"query": [
						{
							"key": "client_id",
							"value": "kVcnfD9iW2XVZSMaLMrtLYIz",
							"description": "必须参数，应用的 API Key；"
						},
						{
							"key": "client_secret",
							"value": "O9o1O213UgG5LFn0bDGNtoRN3VWl2du6",
							"description": "必须参数，应用的 Secret Key;"
						},
						{
							"key": "grant_type",
							"value": "client_credentials",
							"description": "必须参数，固定为“client_credentials”"
						}
					]
				}
			},
			"response": []
		},
		{
			"name": "asr_raw",
			"event": [
				{
					"listen": "prerequest",
					"script": {
						"id": "a2fa96cd-d589-4602-9d13-68be0d520b21",
						"exec": [
							""
						],
						"type": "text/javascript"
					}
				}
			],
			"request": {
				"method": "POST",
				"header": [
					{
						"key": "Content-Type",
						"name": "Content-Type",
						"value": "audio/pcm;rate=16000",
						"type": "text",
						"description": "语音文件的格式，pcm 或者 wav 或者 amr。不区分大小写。推荐pcm文件\n采样率，16000，固定值"
					}
				],
				"url": {
					"raw": "http://vop.baidu.com/server_api?dev_pid=1537&cuid=123456PHP&token=24.2cf541dcfcd2353d843dbab40c45f376.2592000.1563604401.282335-15803531",
					"protocol": "http",
					"host": [
						"vop",
						"baidu",
						"com"
					],
					"path": [
						"server_api"
					],
					"query": [
						{
							"key": "dev_pid",
							"value": "1537",
							"description": "不填写lan参数生效，都不填写，默认1537（普通话 输入法模型），dev_pid参数见本节开头的表格"
						},
						{
							"key": "cuid",
							"value": "123456PHP",
							"description": "用户唯一标识，用来区分用户，计算UV值。建议填写能区分用户的机器 MAC 地址或 IMEI 码，长度为60字符以内。"
						},
						{
							"key": "token",
							"value": "24.2cf541dcfcd2353d843dbab40c45f376.2592000.1563604401.282335-15803531",
							"description": "开放平台获取到的开发者[access_token]获取 Access Token \"access_token\")"
						}
					]
				},
				"description": "asr"
			},
			"response": [
				{
					"name": "asr",
					"originalRequest": {
						"method": "POST",
						"header": [
							{
								"key": "DEV_PID",
								"value": "1537",
								"type": "text"
							},
							{
								"key": "RATE",
								"value": "16000",
								"type": "text"
							},
							{
								"key": "CUID",
								"value": "123456PHP",
								"type": "text"
							},
							{
								"key": "channel",
								"value": "1",
								"type": "text"
							},
							{
								"key": "SCOPE",
								"value": "audio_voice_assistant_get",
								"type": "text"
							},
							{
								"key": "token",
								"value": "24.42a2a960470b6823d052c15345f95513.2592000.1563515880.282335-15803531",
								"type": "text"
							}
						],
						"body": {
							"mode": "file",
							"file": {
								"src": "/C:/Users/v_wangfeng03/Downloads/16k.pcm"
							}
						},
						"url": {
							"raw": "https://openapi.baidu.com/oauth/2.0/token?client_id=kVcnfD9iW2XVZSMaLMrtLYIz&client_secret=O9o1O213UgG5LFn0bDGNtoRN3VWl2du6&grant_type=client_credentials",
							"protocol": "https",
							"host": [
								"openapi",
								"baidu",
								"com"
							],
							"path": [
								"oauth",
								"2.0",
								"token"
							],
							"query": [
								{
									"key": "client_id",
									"value": "kVcnfD9iW2XVZSMaLMrtLYIz"
								},
								{
									"key": "client_secret",
									"value": "O9o1O213UgG5LFn0bDGNtoRN3VWl2du6"
								},
								{
									"key": "grant_type",
									"value": "client_credentials"
								}
							]
						}
					},
					"status": "OK",
					"code": 200,
					"_postman_previewlanguage": "JSON",
					"header": [
						{
							"key": "Cache-Control",
							"value": "no-store"
						},
						{
							"key": "Connection",
							"value": "keep-alive"
						},
						{
							"key": "Content-Encoding",
							"value": "gzip"
						},
						{
							"key": "Content-Type",
							"value": "application/json"
						},
						{
							"key": "Date",
							"value": "Wed, 19 Jun 2019 06:15:41 GMT"
						},
						{
							"key": "Server",
							"value": "Apache"
						},
						{
							"key": "Vary",
							"value": "Accept-Encoding"
						},
						{
							"key": "Transfer-Encoding",
							"value": "chunked"
						}
					],
					"cookie": [],
					"body": "{\"access_token\":\"24.7dbebcaad320e7181d4f5eb822ce5fd4.2592000.1563516941.282335-15803531\",\"session_key\":\"9mzdDFEYhM+osZXwJhI5zYfyAeEsbeHnsa6NJILBtuzJHOkN\\/VjgYu7c0\\/blToS8Acl7yqbZeQzS1WowS88hQG6KMubfyw==\",\"scope\":\"brain_enhanced_asr audio_voice_assistant_get audio_tts_post public brain_all_scope wise_adapt lebo_resource_base lightservice_public hetu_basic lightcms_map_poi kaidian_kaidian ApsMisTest_Test\\u6743\\u9650 vis-classify_flower lpq_\\u5f00\\u653e cop_helloScope ApsMis_fangdi_permission smartapp_snsapi_base iop_autocar oauth_tp_app smartapp_smart_game_openapi oauth_sessionkey smartapp_swanid_verify smartapp_opensource_openapi smartapp_opensource_recapi\",\"refresh_token\":\"25.3199f20c3f9d4470a3485c002b6a2ebe.315360000.1876284941.282335-15803531\",\"session_secret\":\"910f461be2572043be03ad02b7fc6edd\",\"expires_in\":2592000}\n"
				}
			]
		}
	],
	"auth": {
		"type": "oauth2",
		"oauth2": [
			{
				"key": "accessToken",
				"value": "24.42a2a960470b6823d052c15345f95513.2592000.1563515880.282335-15803531",
				"type": "string"
			},
			{
				"key": "tokenType",
				"type": "any"
			},
			{
				"key": "addTokenTo",
				"value": "header",
				"type": "string"
			}
		]
	}
}
